id,name,active,avatar
34a8f728f1bb4cb7bfe486878a8cde9b,Barthos,1,
7bc88a605d7c406aa5d1067ba8db37e7,André,1,
22f7260358d340f9bb3082014a3c164f,Guilherme,1,fee7215276c54e95bbd2c5e9b0678352.png
ad9418c322f546a8b6008593ef5a0088,Kaiser,1,
12b51900adf74509a418598487a23dcc,Heitor,1,ea33932468f04d54ab794d910b679773.png
6300b150f5f64f21b2082fdf839226f4,Eduardo,1,9e9f248c41ee4dad8791d34da8b04b66.png
c28d45531de9416d889331bc60c1c160,Theo,1,
0bfeb2be405f4ea5ba7e2efbcf44a4b8,Hector,1,
e6479a0d879a4040b230e7f6a6aaf96b,Arthur,1,d2f8219e6ecf48ce86b5fe03e989a0e9.png
4163c1934bd94fdcb9c44ab39ec4dae1,Carvalho,1,
4427fcf09bd84f5280589e9ed7d0f31b,Danilo,1,
f70164b806b64f54aaad44f91f5b4867,Weber,1,
b6e81d4eabba4ae884ab211d31c785df,Felipe,1,
9b0f0c0c97ed448ca376add2098eb997,Luigi,1,
adae299c52c149748cddfe3ea0f2a1a1,Luís,1,
